{
  "Transaction Controller (User Journey - Home to Tickets)" : {
    "transaction" : "Transaction Controller (User Journey - Home to Tickets)",
    "sampleCount" : 3872,
    "errorCount" : 0,
    "errorPct" : 0.0,
    "meanResTime" : 659.7889979338825,
    "medianResTime" : 566.0,
    "minResTime" : 358.0,
    "maxResTime" : 2116.0,
    "pct1ResTime" : 940.7000000000003,
    "pct2ResTime" : 1190.35,
    "pct3ResTime" : 1505.54,
    "throughput" : 13.26150020721094,
    "receivedKBytesPerSec" : 141.28374562887663,
    "sentKBytesPerSec" : 14.538480441684676
  },
  "Total" : {
    "transaction" : "Total",
    "sampleCount" : 19565,
    "errorCount" : 0,
    "errorPct" : 0.0,
    "meanResTime" : 132.0289803220038,
    "medianResTime" : 103.0,
    "minResTime" : 77.0,
    "maxResTime" : 1274.0,
    "pct1ResTime" : 202.0,
    "pct2ResTime" : 303.7000000000007,
    "pct3ResTime" : 658.0,
    "throughput" : 65.61252892451122,
    "receivedKBytesPerSec" : 140.08682462314297,
    "sentKBytesPerSec" : 14.413078699822261
  },
  "HTTP Request (Tickets Selection)" : {
    "transaction" : "HTTP Request (Tickets Selection)",
    "sampleCount" : 3954,
    "errorCount" : 0,
    "errorPct" : 0.0,
    "meanResTime" : 128.4129994941833,
    "medianResTime" : 103.0,
    "minResTime" : 77.0,
    "maxResTime" : 1102.0,
    "pct1ResTime" : 175.0,
    "pct2ResTime" : 289.0,
    "pct3ResTime" : 660.8999999999996,
    "throughput" : 13.40748024821132,
    "receivedKBytesPerSec" : 28.68729416389746,
    "sentKBytesPerSec" : 2.9459795467261194
  },
  "HTTP Request (Tickets Page)" : {
    "transaction" : "HTTP Request (Tickets Page)",
    "sampleCount" : 3912,
    "errorCount" : 0,
    "errorPct" : 0.0,
    "meanResTime" : 131.2152351738239,
    "medianResTime" : 103.0,
    "minResTime" : 78.0,
    "maxResTime" : 1165.0,
    "pct1ResTime" : 183.0,
    "pct2ResTime" : 296.3499999999999,
    "pct3ResTime" : 670.8699999999999,
    "throughput" : 13.367001411189054,
    "receivedKBytesPerSec" : 28.600683683510955,
    "sentKBytesPerSec" : 2.93708527101322
  },
  "HTTP Request (Checkout)" : {
    "transaction" : "HTTP Request (Checkout)",
    "sampleCount" : 3872,
    "errorCount" : 0,
    "errorPct" : 0.0,
    "meanResTime" : 130.14876033057877,
    "medianResTime" : 103.0,
    "minResTime" : 78.0,
    "maxResTime" : 1023.0,
    "pct1ResTime" : 185.0,
    "pct2ResTime" : 297.3499999999999,
    "pct3ResTime" : 593.0,
    "throughput" : 13.330716767025757,
    "receivedKBytesPerSec" : 28.52304730132171,
    "sentKBytesPerSec" : 2.9291125708796826
  },
  "HTTP Request (Homepage)" : {
    "transaction" : "HTTP Request (Homepage)",
    "sampleCount" : 3995,
    "errorCount" : 0,
    "errorPct" : 0.0,
    "meanResTime" : 136.57521902377997,
    "medianResTime" : 103.0,
    "minResTime" : 77.0,
    "maxResTime" : 1274.0,
    "pct1ResTime" : 271.0,
    "pct2ResTime" : 313.0,
    "pct3ResTime" : 640.4799999999996,
    "throughput" : 13.398801318750607,
    "receivedKBytesPerSec" : 28.3677746670423,
    "sentKBytesPerSec" : 2.8524791869996413
  },
  "HTTP Request (Birthday Booking Page)" : {
    "transaction" : "HTTP Request (Birthday Booking Page)",
    "sampleCount" : 3832,
    "errorCount" : 0,
    "errorPct" : 0.0,
    "meanResTime" : 133.75104384133644,
    "medianResTime" : 103.0,
    "minResTime" : 77.0,
    "maxResTime" : 1120.0,
    "pct1ResTime" : 218.70000000000027,
    "pct2ResTime" : 311.0,
    "pct3ResTime" : 649.7200000000012,
    "throughput" : 13.286732684252863,
    "receivedKBytesPerSec" : 28.42893682734182,
    "sentKBytesPerSec" : 3.0102753737760395
  }
}