{
  "Transaction Controller (User Journey - Home to Tickets)" : {
    "transaction" : "Transaction Controller (User Journey - Home to Tickets)",
    "sampleCount" : 4875,
    "errorCount" : 0,
    "errorPct" : 0.0,
    "meanResTime" : 601.5534358974394,
    "medianResTime" : 551.0,
    "minResTime" : 388.0,
    "maxResTime" : 1741.0,
    "pct1ResTime" : 765.0,
    "pct2ResTime" : 850.0,
    "pct3ResTime" : 1054.2399999999998,
    "throughput" : 16.69320458164261,
    "receivedKBytesPerSec" : 177.87597296770934,
    "sentKBytesPerSec" : 18.30401522398856
  },
  "Total" : {
    "transaction" : "Total",
    "sampleCount" : 24659,
    "errorCount" : 0,
    "errorPct" : 0.0,
    "meanResTime" : 120.63623829027932,
    "medianResTime" : 104.0,
    "minResTime" : 77.0,
    "maxResTime" : 1148.0,
    "pct1ResTime" : 149.0,
    "pct2ResTime" : 264.0,
    "pct3ResTime" : 383.0,
    "throughput" : 82.60805477946842,
    "receivedKBytesPerSec" : 176.37348971838088,
    "sentKBytesPerSec" : 18.14651220892545
  },
  "HTTP Request (Tickets Selection)" : {
    "transaction" : "HTTP Request (Tickets Selection)",
    "sampleCount" : 4980,
    "errorCount" : 0,
    "errorPct" : 0.0,
    "meanResTime" : 115.97228915662666,
    "medianResTime" : 103.0,
    "minResTime" : 77.0,
    "maxResTime" : 730.0,
    "pct1ResTime" : 138.0,
    "pct2ResTime" : 188.0,
    "pct3ResTime" : 342.0,
    "throughput" : 16.849541712766065,
    "receivedKBytesPerSec" : 36.052095598310984,
    "sentKBytesPerSec" : 3.7022918802464497
  },
  "HTTP Request (Tickets Page)" : {
    "transaction" : "HTTP Request (Tickets Page)",
    "sampleCount" : 4933,
    "errorCount" : 0,
    "errorPct" : 0.0,
    "meanResTime" : 119.44638151226398,
    "medianResTime" : 104.0,
    "minResTime" : 77.0,
    "maxResTime" : 825.0,
    "pct1ResTime" : 147.0,
    "pct2ResTime" : 239.20000000000073,
    "pct3ResTime" : 377.0,
    "throughput" : 16.820447772390324,
    "receivedKBytesPerSec" : 35.989844794245315,
    "sentKBytesPerSec" : 3.695899168738108
  },
  "HTTP Request (Checkout)" : {
    "transaction" : "HTTP Request (Checkout)",
    "sampleCount" : 4884,
    "errorCount" : 0,
    "errorPct" : 0.0,
    "meanResTime" : 122.17608517608501,
    "medianResTime" : 104.0,
    "minResTime" : 78.0,
    "maxResTime" : 716.0,
    "pct1ResTime" : 157.0,
    "pct2ResTime" : 278.75,
    "pct3ResTime" : 381.4499999999989,
    "throughput" : 16.772554002541295,
    "receivedKBytesPerSec" : 35.88736896442185,
    "sentKBytesPerSec" : 3.6853756353240152
  },
  "HTTP Request (Homepage)" : {
    "transaction" : "HTTP Request (Homepage)",
    "sampleCount" : 5033,
    "errorCount" : 0,
    "errorPct" : 0.0,
    "meanResTime" : 122.09596662030648,
    "medianResTime" : 103.0,
    "minResTime" : 77.0,
    "maxResTime" : 946.0,
    "pct1ResTime" : 160.0,
    "pct2ResTime" : 283.0,
    "pct3ResTime" : 374.0,
    "throughput" : 16.880311781002018,
    "receivedKBytesPerSec" : 35.73878509884021,
    "sentKBytesPerSec" : 3.593660125252383
  },
  "HTTP Request (Birthday Booking Page)" : {
    "transaction" : "HTTP Request (Birthday Booking Page)",
    "sampleCount" : 4829,
    "errorCount" : 0,
    "errorPct" : 0.0,
    "meanResTime" : 123.58272934354929,
    "medianResTime" : 104.0,
    "minResTime" : 78.0,
    "maxResTime" : 1148.0,
    "pct1ResTime" : 167.0,
    "pct2ResTime" : 282.0,
    "pct3ResTime" : 391.1999999999989,
    "throughput" : 16.702753930975327,
    "receivedKBytesPerSec" : 35.73802135035834,
    "sentKBytesPerSec" : 3.7842176874865974
  }
}