{
  "Transaction Controller (User Journey - Home to Tickets)" : {
    "transaction" : "Transaction Controller (User Journey - Home to Tickets)",
    "sampleCount" : 32068,
    "errorCount" : 24763,
    "errorPct" : 77.22028,
    "meanResTime" : 3935.3289260321812,
    "medianResTime" : 4856.0,
    "minResTime" : 409.0,
    "maxResTime" : 26068.0,
    "pct1ResTime" : 9435.200000000012,
    "pct2ResTime" : 11545.900000000001,
    "pct3ResTime" : 16246.790000000034,
    "throughput" : 26.90105966753686,
    "receivedKBytesPerSec" : 3525.0060423612736,
    "sentKBytesPerSec" : 29.498204301785044
  },
  "Total" : {
    "transaction" : "Total",
    "sampleCount" : 160953,
    "errorCount" : 123328,
    "errorPct" : 76.62361,
    "meanResTime" : 787.898193882692,
    "medianResTime" : 714.0,
    "minResTime" : 77.0,
    "maxResTime" : 20968.0,
    "pct1ResTime" : 1884.0,
    "pct2ResTime" : 3553.0,
    "pct3ResTime" : 5918.0,
    "throughput" : 134.25840194189334,
    "receivedKBytesPerSec" : 3524.314857702406,
    "sentKBytesPerSec" : 29.455225192218666
  },
  "HTTP Request (Tickets Selection)" : {
    "transaction" : "HTTP Request (Tickets Selection)",
    "sampleCount" : 32282,
    "errorCount" : 24626,
    "errorPct" : 76.284,
    "meanResTime" : 782.0682423641682,
    "medianResTime" : 850.0,
    "minResTime" : 78.0,
    "maxResTime" : 19896.0,
    "pct1ResTime" : 1977.800000000003,
    "pct2ResTime" : 2765.9500000000007,
    "pct3ResTime" : 5626.790000000034,
    "throughput" : 27.00292764533668,
    "receivedKBytesPerSec" : 706.4558884554057,
    "sentKBytesPerSec" : 5.928114217377666
  },
  "HTTP Request (Tickets Page)" : {
    "transaction" : "HTTP Request (Tickets Page)",
    "sampleCount" : 32182,
    "errorCount" : 24663,
    "errorPct" : 76.63601,
    "meanResTime" : 788.2929277235727,
    "medianResTime" : 849.0,
    "minResTime" : 78.0,
    "maxResTime" : 20794.0,
    "pct1ResTime" : 2017.800000000003,
    "pct2ResTime" : 2747.9000000000015,
    "pct3ResTime" : 5626.950000000008,
    "throughput" : 26.96608500743658,
    "receivedKBytesPerSec" : 707.758400683694,
    "sentKBytesPerSec" : 5.914854764124264
  },
  "HTTP Request (Checkout)" : {
    "transaction" : "HTTP Request (Checkout)",
    "sampleCount" : 32094,
    "errorCount" : 24694,
    "errorPct" : 76.94273,
    "meanResTime" : 786.5132111921257,
    "medianResTime" : 853.0,
    "minResTime" : 77.0,
    "maxResTime" : 20968.0,
    "pct1ResTime" : 1999.9000000000015,
    "pct2ResTime" : 2718.0,
    "pct3ResTime" : 5589.890000000018,
    "throughput" : 26.940430371990146,
    "receivedKBytesPerSec" : 710.074145612023,
    "sentKBytesPerSec" : 5.911965976363956
  },
  "HTTP Request (Homepage)" : {
    "transaction" : "HTTP Request (Homepage)",
    "sampleCount" : 32397,
    "errorCount" : 24659,
    "errorPct" : 76.115074,
    "meanResTime" : 792.059851220791,
    "medianResTime" : 862.0,
    "minResTime" : 77.0,
    "maxResTime" : 20247.0,
    "pct1ResTime" : 1971.0,
    "pct2ResTime" : 2703.9000000000015,
    "pct3ResTime" : 5897.920000000013,
    "throughput" : 27.023848252045745,
    "receivedKBytesPerSec" : 704.5907137388642,
    "sentKBytesPerSec" : 5.7424690244863745
  },
  "HTTP Request (Birthday Booking Page)" : {
    "transaction" : "HTTP Request (Birthday Booking Page)",
    "sampleCount" : 31998,
    "errorCount" : 24686,
    "errorPct" : 77.148575,
    "meanResTime" : 790.5584724045259,
    "medianResTime" : 853.0,
    "minResTime" : 78.0,
    "maxResTime" : 18210.0,
    "pct1ResTime" : 1968.9000000000015,
    "pct2ResTime" : 2741.9500000000007,
    "pct3ResTime" : 5635.920000000013,
    "throughput" : 26.90757175941109,
    "receivedKBytesPerSec" : 710.7722217680409,
    "sentKBytesPerSec" : 6.08710178509261
  }
}