{
  "Transaction Controller (User Journey - Home to Tickets)" : {
    "transaction" : "Transaction Controller (User Journey - Home to Tickets)",
    "sampleCount" : 5823,
    "errorCount" : 151,
    "errorPct" : 2.593165,
    "meanResTime" : 606.6002060793435,
    "medianResTime" : 543.0,
    "minResTime" : 412.0,
    "maxResTime" : 2978.0,
    "pct1ResTime" : 776.6000000000004,
    "pct2ResTime" : 863.0,
    "pct3ResTime" : 1160.8800000000028,
    "throughput" : 19.947655816439088,
    "receivedKBytesPerSec" : 238.51567063094782,
    "sentKBytesPerSec" : 21.889537002978617
  },
  "Total" : {
    "transaction" : "Total",
    "sampleCount" : 29550,
    "errorCount" : 582,
    "errorPct" : 1.9695431,
    "meanResTime" : 126.60954314720782,
    "medianResTime" : 103.0,
    "minResTime" : 78.0,
    "maxResTime" : 2007.0,
    "pct1ResTime" : 170.0,
    "pct2ResTime" : 296.0,
    "pct3ResTime" : 603.9700000000048,
    "throughput" : 98.70695558354016,
    "receivedKBytesPerSec" : 272.0249419825234,
    "sentKBytesPerSec" : 21.68305980497443
  },
  "HTTP Request (Tickets Selection)" : {
    "transaction" : "HTTP Request (Tickets Selection)",
    "sampleCount" : 5966,
    "errorCount" : 109,
    "errorPct" : 1.8270198,
    "meanResTime" : 120.86758297016394,
    "medianResTime" : 102.0,
    "minResTime" : 78.0,
    "maxResTime" : 1908.0,
    "pct1ResTime" : 140.0,
    "pct2ResTime" : 204.0,
    "pct3ResTime" : 483.9899999999998,
    "throughput" : 20.12033077473054,
    "receivedKBytesPerSec" : 54.635838843856654,
    "sentKBytesPerSec" : 4.420971117494503
  },
  "HTTP Request (Tickets Page)" : {
    "transaction" : "HTTP Request (Tickets Page)",
    "sampleCount" : 5910,
    "errorCount" : 116,
    "errorPct" : 1.962775,
    "meanResTime" : 124.30423011844337,
    "medianResTime" : 103.0,
    "minResTime" : 79.0,
    "maxResTime" : 1600.0,
    "pct1ResTime" : 151.0,
    "pct2ResTime" : 276.0,
    "pct3ResTime" : 512.5600000000013,
    "throughput" : 20.073364581210516,
    "receivedKBytesPerSec" : 55.36708029770396,
    "sentKBytesPerSec" : 4.410651397238638
  },
  "HTTP Request (Checkout)" : {
    "transaction" : "HTTP Request (Checkout)",
    "sampleCount" : 5854,
    "errorCount" : 123,
    "errorPct" : 2.1011274,
    "meanResTime" : 129.51964468739342,
    "medianResTime" : 103.0,
    "minResTime" : 78.0,
    "maxResTime" : 1503.0,
    "pct1ResTime" : 173.5,
    "pct2ResTime" : 293.0,
    "pct3ResTime" : 571.3999999999978,
    "throughput" : 20.024834352134693,
    "receivedKBytesPerSec" : 56.10670032573708,
    "sentKBytesPerSec" : 4.399988016826471
  },
  "HTTP Request (Homepage)" : {
    "transaction" : "HTTP Request (Homepage)",
    "sampleCount" : 6030,
    "errorCount" : 116,
    "errorPct" : 1.9237148,
    "meanResTime" : 128.41227197346598,
    "medianResTime" : 103.0,
    "minResTime" : 78.0,
    "maxResTime" : 2007.0,
    "pct1ResTime" : 174.0,
    "pct2ResTime" : 292.0,
    "pct3ResTime" : 489.0,
    "throughput" : 20.145057779232886,
    "receivedKBytesPerSec" : 54.873593312041265,
    "sentKBytesPerSec" : 4.288693941282
  },
  "HTTP Request (Birthday Booking Page)" : {
    "transaction" : "HTTP Request (Birthday Booking Page)",
    "sampleCount" : 5790,
    "errorCount" : 118,
    "errorPct" : 2.0379965,
    "meanResTime" : 130.0594127806561,
    "medianResTime" : 103.0,
    "minResTime" : 78.0,
    "maxResTime" : 1603.0,
    "pct1ResTime" : 177.90000000000055,
    "pct2ResTime" : 297.0,
    "pct3ResTime" : 525.0,
    "throughput" : 19.972059812697264,
    "receivedKBytesPerSec" : 55.561237194080825,
    "sentKBytesPerSec" : 4.524919801314224
  }
}