{
  "Transaction Controller (User Journey - Home to Tickets)" : {
    "transaction" : "Transaction Controller (User Journey - Home to Tickets)",
    "sampleCount" : 2935,
    "errorCount" : 0,
    "errorPct" : 0.0,
    "meanResTime" : 573.2163543441229,
    "medianResTime" : 522.0,
    "minResTime" : 350.0,
    "maxResTime" : 1409.0,
    "pct1ResTime" : 730.0,
    "pct2ResTime" : 806.0,
    "pct3ResTime" : 961.6399999999999,
    "throughput" : 10.057569734768007,
    "receivedKBytesPerSec" : 107.15245190742581,
    "sentKBytesPerSec" : 11.02628479777774
  },
  "Total" : {
    "transaction" : "Total",
    "sampleCount" : 14823,
    "errorCount" : 0,
    "errorPct" : 0.0,
    "meanResTime" : 114.72178371449778,
    "medianResTime" : 100.0,
    "minResTime" : 77.0,
    "maxResTime" : 871.0,
    "pct1ResTime" : 142.0,
    "pct2ResTime" : 253.79999999999927,
    "pct3ResTime" : 317.0,
    "throughput" : 49.72509132871966,
    "receivedKBytesPerSec" : 106.1664392534024,
    "sentKBytesPerSec" : 10.923217438879366
  },
  "HTTP Request (Tickets Selection)" : {
    "transaction" : "HTTP Request (Tickets Selection)",
    "sampleCount" : 2994,
    "errorCount" : 0,
    "errorPct" : 0.0,
    "meanResTime" : 109.32030728122908,
    "medianResTime" : 100.0,
    "minResTime" : 77.0,
    "maxResTime" : 683.0,
    "pct1ResTime" : 126.5,
    "pct2ResTime" : 167.25,
    "pct3ResTime" : 298.15000000000055,
    "throughput" : 10.145094504571054,
    "receivedKBytesPerSec" : 21.70693560499529,
    "sentKBytesPerSec" : 2.229146741727038
  },
  "HTTP Request (Tickets Page)" : {
    "transaction" : "HTTP Request (Tickets Page)",
    "sampleCount" : 2966,
    "errorCount" : 0,
    "errorPct" : 0.0,
    "meanResTime" : 113.38705327039801,
    "medianResTime" : 100.0,
    "minResTime" : 77.0,
    "maxResTime" : 665.0,
    "pct1ResTime" : 137.0,
    "pct2ResTime" : 231.6500000000001,
    "pct3ResTime" : 303.3299999999999,
    "throughput" : 10.116686392954474,
    "receivedKBytesPerSec" : 21.646152233362557,
    "sentKBytesPerSec" : 2.2229047250144114
  },
  "HTTP Request (Checkout)" : {
    "transaction" : "HTTP Request (Checkout)",
    "sampleCount" : 2935,
    "errorCount" : 0,
    "errorPct" : 0.0,
    "meanResTime" : 116.8759795570699,
    "medianResTime" : 100.0,
    "minResTime" : 78.0,
    "maxResTime" : 791.0,
    "pct1ResTime" : 152.0,
    "pct2ResTime" : 268.0,
    "pct3ResTime" : 322.6399999999999,
    "throughput" : 10.092604373347271,
    "receivedKBytesPerSec" : 21.594625177738155,
    "sentKBytesPerSec" : 2.2176132656280623
  },
  "HTTP Request (Homepage)" : {
    "transaction" : "HTTP Request (Homepage)",
    "sampleCount" : 3023,
    "errorCount" : 0,
    "errorPct" : 0.0,
    "meanResTime" : 116.8729738670192,
    "medianResTime" : 100.0,
    "minResTime" : 78.0,
    "maxResTime" : 871.0,
    "pct1ResTime" : 151.5999999999999,
    "pct2ResTime" : 274.7999999999997,
    "pct3ResTime" : 321.2799999999993,
    "throughput" : 10.150630930715145,
    "receivedKBytesPerSec" : 21.49078892362347,
    "sentKBytesPerSec" : 2.1609741629842785
  },
  "HTTP Request (Birthday Booking Page)" : {
    "transaction" : "HTTP Request (Birthday Booking Page)",
    "sampleCount" : 2905,
    "errorCount" : 0,
    "errorPct" : 0.0,
    "meanResTime" : 117.23648881239225,
    "medianResTime" : 100.0,
    "minResTime" : 78.0,
    "maxResTime" : 572.0,
    "pct1ResTime" : 157.0,
    "pct2ResTime" : 278.0,
    "pct3ResTime" : 330.94000000000005,
    "throughput" : 10.054547216569064,
    "receivedKBytesPerSec" : 21.513196241701973,
    "sentKBytesPerSec" : 2.2779833537539287
  }
}