{
  "Transaction Controller (User Journey - Home to Tickets)" : {
    "transaction" : "Transaction Controller (User Journey - Home to Tickets)",
    "sampleCount" : 2161,
    "errorCount" : 0,
    "errorPct" : 0.0,
    "meanResTime" : 376.2466450717265,
    "medianResTime" : 334.0,
    "minResTime" : 254.0,
    "maxResTime" : 2544.0,
    "pct1ResTime" : 466.0,
    "pct2ResTime" : 498.9000000000001,
    "pct3ResTime" : 718.2800000000061,
    "throughput" : 3.651787449409816,
    "receivedKBytesPerSec" : 38.95314262471167,
    "sentKBytesPerSec" : 4.008527786051051
  },
  "Total" : {
    "transaction" : "Total",
    "sampleCount" : 10856,
    "errorCount" : 0,
    "errorPct" : 0.0,
    "meanResTime" : 75.30932203389902,
    "medianResTime" : 65.0,
    "minResTime" : 60.0,
    "maxResTime" : 2105.0,
    "pct1ResTime" : 78.0,
    "pct2ResTime" : 133.14999999999964,
    "pct3ResTime" : 212.0,
    "throughput" : 18.1568520541026,
    "receivedKBytesPerSec" : 38.767009896914374,
    "sentKBytesPerSec" : 3.9891082250656886
  },
  "HTTP Request (Tickets Selection)" : {
    "transaction" : "HTTP Request (Tickets Selection)",
    "sampleCount" : 2182,
    "errorCount" : 0,
    "errorPct" : 0.0,
    "meanResTime" : 73.56416131989013,
    "medianResTime" : 65.0,
    "minResTime" : 61.0,
    "maxResTime" : 1764.0,
    "pct1ResTime" : 76.0,
    "pct2ResTime" : 103.0,
    "pct3ResTime" : 205.0,
    "throughput" : 3.6659022370067955,
    "receivedKBytesPerSec" : 7.843741993439345,
    "sentKBytesPerSec" : 0.8054960969985635
  },
  "HTTP Request (Tickets Page)" : {
    "transaction" : "HTTP Request (Tickets Page)",
    "sampleCount" : 2171,
    "errorCount" : 0,
    "errorPct" : 0.0,
    "meanResTime" : 75.15522800552752,
    "medianResTime" : 65.0,
    "minResTime" : 62.0,
    "maxResTime" : 2105.0,
    "pct1ResTime" : 77.0,
    "pct2ResTime" : 114.40000000000009,
    "pct3ResTime" : 221.1200000000008,
    "throughput" : 3.6611937076711367,
    "receivedKBytesPerSec" : 7.83366739600338,
    "sentKBytesPerSec" : 0.8044615080332088
  },
  "HTTP Request (Checkout)" : {
    "transaction" : "HTTP Request (Checkout)",
    "sampleCount" : 2161,
    "errorCount" : 0,
    "errorPct" : 0.0,
    "meanResTime" : 74.02313743637187,
    "medianResTime" : 65.0,
    "minResTime" : 61.0,
    "maxResTime" : 1683.0,
    "pct1ResTime" : 77.0,
    "pct2ResTime" : 118.0,
    "pct3ResTime" : 200.3800000000001,
    "throughput" : 3.656137014622856,
    "receivedKBytesPerSec" : 7.822847850623709,
    "sentKBytesPerSec" : 0.8033504182520924
  },
  "HTTP Request (Homepage)" : {
    "transaction" : "HTTP Request (Homepage)",
    "sampleCount" : 2190,
    "errorCount" : 0,
    "errorPct" : 0.0,
    "meanResTime" : 76.71963470319612,
    "medianResTime" : 65.0,
    "minResTime" : 61.0,
    "maxResTime" : 1922.0,
    "pct1ResTime" : 80.90000000000009,
    "pct2ResTime" : 186.44999999999982,
    "pct3ResTime" : 202.63000000000102,
    "throughput" : 3.6648058154945984,
    "receivedKBytesPerSec" : 7.759081062492469,
    "sentKBytesPerSec" : 0.7802028005642797
  },
  "HTTP Request (Birthday Booking Page)" : {
    "transaction" : "HTTP Request (Birthday Booking Page)",
    "sampleCount" : 2152,
    "errorCount" : 0,
    "errorPct" : 0.0,
    "meanResTime" : 77.09061338289953,
    "medianResTime" : 65.0,
    "minResTime" : 60.0,
    "maxResTime" : 1414.0,
    "pct1ResTime" : 78.70000000000005,
    "pct2ResTime" : 186.0,
    "pct3ResTime" : 260.8799999999992,
    "throughput" : 3.652924631270189,
    "receivedKBytesPerSec" : 7.815974479602525,
    "sentKBytesPerSec" : 0.8276157367721523
  }
}