{
  "Transaction Controller (User Journey - Home to Tickets)" : {
    "transaction" : "Transaction Controller (User Journey - Home to Tickets)",
    "sampleCount" : 6959,
    "errorCount" : 0,
    "errorPct" : 0.0,
    "meanResTime" : 716.5655985055333,
    "medianResTime" : 683.0,
    "minResTime" : 430.0,
    "maxResTime" : 2600.0,
    "pct1ResTime" : 941.0,
    "pct2ResTime" : 982.0,
    "pct3ResTime" : 1248.7999999999993,
    "throughput" : 7.802050574867285,
    "receivedKBytesPerSec" : 83.10723094087919,
    "sentKBytesPerSec" : 8.567016595403864
  },
  "Total" : {
    "transaction" : "Total",
    "sampleCount" : 34898,
    "errorCount" : 0,
    "errorPct" : 0.0,
    "meanResTime" : 143.38644048369514,
    "medianResTime" : 133.0,
    "minResTime" : 99.0,
    "maxResTime" : 1579.0,
    "pct1ResTime" : 151.0,
    "pct2ResTime" : 280.0,
    "pct3ResTime" : 415.0,
    "throughput" : 38.88178924416823,
    "receivedKBytesPerSec" : 82.87546522073922,
    "sentKBytesPerSec" : 8.542737358237673
  },
  "HTTP Request (Tickets Selection)" : {
    "transaction" : "HTTP Request (Tickets Selection)",
    "sampleCount" : 7000,
    "errorCount" : 0,
    "errorPct" : 0.0,
    "meanResTime" : 141.5908571428572,
    "medianResTime" : 134.0,
    "minResTime" : 100.0,
    "maxResTime" : 985.0,
    "pct1ResTime" : 150.0,
    "pct2ResTime" : 255.0,
    "pct3ResTime" : 411.0,
    "throughput" : 7.8304068120064745,
    "receivedKBytesPerSec" : 16.724759225477683,
    "sentKBytesPerSec" : 1.7205483717787664
  },
  "HTTP Request (Tickets Page)" : {
    "transaction" : "HTTP Request (Tickets Page)",
    "sampleCount" : 6973,
    "errorCount" : 0,
    "errorPct" : 0.0,
    "meanResTime" : 142.59816434820036,
    "medianResTime" : 133.0,
    "minResTime" : 100.0,
    "maxResTime" : 934.0,
    "pct1ResTime" : 151.0,
    "pct2ResTime" : 278.2999999999993,
    "pct3ResTime" : 417.0,
    "throughput" : 7.822412282522243,
    "receivedKBytesPerSec" : 16.707616692543187,
    "sentKBytesPerSec" : 1.7187917612963912
  },
  "HTTP Request (Checkout)" : {
    "transaction" : "HTTP Request (Checkout)",
    "sampleCount" : 6961,
    "errorCount" : 0,
    "errorPct" : 0.0,
    "meanResTime" : 143.58985777905488,
    "medianResTime" : 133.0,
    "minResTime" : 99.0,
    "maxResTime" : 946.0,
    "pct1ResTime" : 153.0,
    "pct2ResTime" : 303.0,
    "pct3ResTime" : 416.0,
    "throughput" : 7.827513580921602,
    "receivedKBytesPerSec" : 16.718578824093473,
    "sentKBytesPerSec" : 1.7199126520579693
  },
  "HTTP Request (Homepage)" : {
    "transaction" : "HTTP Request (Homepage)",
    "sampleCount" : 7023,
    "errorCount" : 0,
    "errorPct" : 0.0,
    "meanResTime" : 146.16616830414327,
    "medianResTime" : 134.0,
    "minResTime" : 99.0,
    "maxResTime" : 1579.0,
    "pct1ResTime" : 156.0,
    "pct2ResTime" : 315.7999999999993,
    "pct3ResTime" : 426.52000000000044,
    "throughput" : 7.82745057828175,
    "receivedKBytesPerSec" : 16.547357946344682,
    "sentKBytesPerSec" : 1.6663908457670134
  },
  "HTTP Request (Birthday Booking Page)" : {
    "transaction" : "HTTP Request (Birthday Booking Page)",
    "sampleCount" : 6941,
    "errorCount" : 0,
    "errorPct" : 0.0,
    "meanResTime" : 142.9726264227059,
    "medianResTime" : 133.0,
    "minResTime" : 100.0,
    "maxResTime" : 1057.0,
    "pct1ResTime" : 151.0,
    "pct2ResTime" : 284.0,
    "pct3ResTime" : 417.0,
    "throughput" : 7.827142061331595,
    "receivedKBytesPerSec" : 16.71775853334401,
    "sentKBytesPerSec" : 1.7733368732704398
  }
}